  { "type": "FeatureCollection",
    "features": [
      { "type": "Feature",
        "geometry": {
          "type": "LineString",
          "coordinates": [
            [102.0, 0.0], [103.0, 1.0], [104.0, 0.0], [105.0, 1.0]
            ]
          },
        "properties": {
          "c_msisdn": "13613482265",
		  "c_district_code":"030401",
		  "c_fbs_status":1 
          }
        },
		      { "type": "Feature",
        "geometry": {
          "type": "LineString",
          "coordinates": [
            [102.0, 0.0], [103.0, 1.0], [104.0, 0.0], [105.0, 1.0]
            ]
          },
        "properties": {
          "c_msisdn": "13613482265",
		  "c_district_code":"030401",
		  "c_fbs_status":1
          }
        },
		      { "type": "Feature",
        "geometry": {
          "type": "LineString",
          "coordinates": [
            [102.0, 0.0], [103.0, 1.0], [104.0, 0.0], [105.0, 1.0]
            ]
          },
        "properties": {
          "c_msisdn": "13613482265",
		  "c_district_code":"030401",
		  "c_fbs_status":1
          }
        ]
     }