{
  "type": "FeatureCollection",
  "features": [
    {
      "type": "Feature",
      "geometry": {
        "type": "Point",
        "coordinates": [
          102.0,
          0.5
        ]
      },
      "properties": {
        "c_timestamp": 1111,
        "c_fbs_id": "1233444",
        "c_msisdn": "13613482265",
        "c_longitude": 102.0,
        "c_latitude": 0.5,
        "c_address": "XXXXXX",
        "c_base_station_name": "XX",
        "c_district_code": "030401"
      }
    },
    {
      "type": "Feature",
      "geometry": {
        "type": "Point",
        "coordinates": [
          102.0,
          0.5
        ]
      },
      "properties": {
        "c_timestamp": 1111,
        "c_fbs_id": "1233444",
        "c_msisdn": "13613482265",
        "c_longitude": 102.0,
        "c_latitude": 0.5,
        "c_address": "XXXXXX",
        "c_base_station_name": "XX",
        "c_district_code": "030401"
      }
    },
    {
      "type": "Feature",
      "geometry": {
        "type": "Point",
        "coordinates": [
          102.0,
          0.5
        ]
      },
      "properties": {
        "c_timestamp": 1111,
        "c_fbs_id": "1233444",
        "c_msisdn": "13613482265",
        "c_longitude": 102.0,
        "c_latitude": 0.5,
        "c_address": "XXXXXX",
        "c_base_station_name": "XX",
        "c_district_code": "030401"
      }
    }
  ]
}